title,company,experience,location,job_link
서버 개발자(Back-End),해시스냅,3 ~ 7년  경력,서울 강남구,https://programmers.co.kr/job_positions/2679
"Senior, Full-stack Engineer (CMG Tech)",Coupang,3 ~ 15년  경력,서울특별시 송파구,https://programmers.co.kr/job_positions/2672
백엔드 개발자,오픈베이스,2 ~ 4년  경력,서울 서초구,https://programmers.co.kr/job_positions/2671
자율주행차관련 C++/파이썬 개발자,티아이랩,5 ~ 10년  경력,경기 성남시,https://programmers.co.kr/job_positions/2670
병특 전문연구요원 개발자,솔트룩스,경력 무관,서울시 강남구,https://programmers.co.kr/job_positions/2662
개발팀 백엔드 개발자,짐싸,경력 무관,서울 강남구,https://programmers.co.kr/job_positions/2655
Server Engineer,레이니스트,경력 무관,서울특별시 영등포구,https://programmers.co.kr/job_positions/2660
Android Engineer,레이니스트,경력 무관,서울특별시 영등포구,https://programmers.co.kr/job_positions/2657
PHP 개발자,OGQ,3 ~ 8년  경력,서울시 강남구,https://programmers.co.kr/job_positions/2656
서버 개발자,콜론디,3 ~ 7년  경력,서울 강남구,https://programmers.co.kr/job_positions/2650
웹 개발자,홈스토리 생활,5 ~ 15년  경력,서울 강남구,https://programmers.co.kr/job_positions/2646
플랫폼운영실 웹 개발자,아이템베이,2 ~ 6년  경력,서울 양천구,https://programmers.co.kr/job_positions/2638
풀스택 개발자,아이템베이,3 ~ 10년  경력,서울 양천구,https://programmers.co.kr/job_positions/2637
 샘표식품 ERP 시스템 구축 프로젝트 웹 개발자(JAVA/ERP/WebSquare),샘표식품,9 ~ 20년  경력,서울 중구,https://programmers.co.kr/job_positions/2636
백오피스 개발자 ,공팔리터,경력 무관,서울시 강남구,https://programmers.co.kr/job_positions/2625
백엔드 개발자,플랜잇파트너스,5 ~ 13년  경력,서울 강남구,https://programmers.co.kr/job_positions/2623
Backend Developler(Golang) 경력 3년 이상,올림플래닛,3 ~ 9년  경력,서울 강남구,https://programmers.co.kr/job_positions/2614
로봇 관제 서비스 Backend 개발자,베어로보틱스코리아,경력 무관,서울 성동구,https://programmers.co.kr/job_positions/1941
Back-end Engineer,스윙비,3 ~ 10년  경력,서울 강남구,https://programmers.co.kr/job_positions/2610
백엔드 개발자 (내부 ERP개발),팜스킨,3 ~ 9년  경력,서울 강남구,https://programmers.co.kr/job_positions/2409
Sr. Backend Developer (Fintech) ,딜리버리히어로 코리아 (Delivery Hero Korea),10 ~ 20년  경력,서울시 서초구,https://programmers.co.kr/job_positions/2604
"Sr. Manager, Back-end Engineering (Query Understanding)",Coupang,8 ~ 16년  경력,서울특별시 송파구,https://programmers.co.kr/job_positions/2603
Back-end Engineer (Query Understanding),Coupang,3 ~ 15년  경력,서울특별시 송파구,https://programmers.co.kr/job_positions/2602
Back-end 개발자,iPortfolio,2 ~ 10년  경력,서울 중구,https://programmers.co.kr/job_positions/1685
빅데이터 플랫폼 엔지니어,와이더플래닛,5 ~ 15년  경력,서울 강남구,https://programmers.co.kr/job_positions/2586
빅데이터 연구소장,인라이플,경력 무관,서울 구로구,https://programmers.co.kr/job_positions/2596
자바 백엔드 개발자,도우테크,5 ~ 7년  경력,서울 금천구,https://programmers.co.kr/job_positions/2591
엔지니어링 인턴,아카인텔리전스,신입,서울 마포구,https://programmers.co.kr/job_positions/948
Back-End 개발자 ,웨이브릿지,1 ~ 5년  경력,서울시 강남구,https://programmers.co.kr/job_positions/1062
Server & Android Developer,아카인텔리전스,경력 무관,서울 마포구,https://programmers.co.kr/job_positions/1533
안드로이드 개발,케어랩스(굿닥),5 ~ 10년  경력,서울 강남구,https://programmers.co.kr/job_positions/2575
Java 백엔드 서버 ,케어랩스(굿닥),4 ~ 15년  경력,서울 강남구,https://programmers.co.kr/job_positions/2574
Python 백엔드서버,케어랩스(굿닥),1 ~ 7년  경력,서울 강남구,https://programmers.co.kr/job_positions/2573
Product Owner,메쉬코리아,3 ~ 6년  경력,서울 강남구,https://programmers.co.kr/job_positions/2563
Backend Developer (Java),메쉬코리아,3 ~ 10년  경력,서울 강남구,https://programmers.co.kr/job_positions/2562
어트랙트 자바 백엔드 개발자,시지온,5 ~ 10년  경력,서울시 마포구,https://programmers.co.kr/job_positions/1463
어트랙트 서비스 프론트엔드 개발자,시지온,3 ~ 8년  경력,서울시 마포구,https://programmers.co.kr/job_positions/2561
웹 마스터,씨앤테크,10 ~ 20년  경력,대전 유성구,https://programmers.co.kr/job_positions/2559
시니어 웹 개발자,마켓보로,5 ~ 10년  경력,경기 성남시,https://programmers.co.kr/job_positions/2383
DB엔지니어,비트나인,3 ~ 10년  경력,서울시 강서구,https://programmers.co.kr/job_positions/2557
Android Mobile Application Engineer,42dot,7 ~ 15년  경력,서울 강남구,https://programmers.co.kr/job_positions/2141
ERP 개발,엑심베이,신입,서울 구로구,https://programmers.co.kr/job_positions/2548
Back-end 개발자,iPortfolio,2 ~ 10년  경력,서울 중구,https://programmers.co.kr/job_positions/2052
Senior Data Scientist,메쉬코리아,5 ~ 10년  경력,서울 강남구,https://programmers.co.kr/job_positions/2496
AI/ML Engineer,메쉬코리아,3 ~ 10년  경력,서울 강남구,https://programmers.co.kr/job_positions/2492
ML Engineer,Coupang,5 ~ 20년  경력,서울특별시 송파구,https://programmers.co.kr/job_positions/2274
Senior Data Engineer,메쉬코리아,3 ~ 10년  경력,서울 강남구,https://programmers.co.kr/job_positions/2493
안드로이드 개발자(신규 브라우저 개발),유니콘소프트,경력 무관,서울시 동작구,https://programmers.co.kr/job_positions/739
JAVA 백엔드 웹 개발자,인라이플,3 ~ 15년  경력,서울 구로구,https://programmers.co.kr/job_positions/2468
[비트나인] JAVA개발자,비트나인,3 ~ 10년  경력,서울시 강서구,https://programmers.co.kr/job_positions/2223
Backend Server 개발,세나클소프트,3 ~ 15년  경력,서울시 강남구,https://programmers.co.kr/job_positions/2445
클라우드 시스템 개발자,가비아,경력 무관,경기도 성남시,https://programmers.co.kr/job_positions/2295
Android 앱 개발자 (JAVA/Kotlin),정육각,5 ~ 10년  경력,서울 강남구,https://programmers.co.kr/job_positions/2419
[BLIMP] 백엔드 엔지니어,스캐터랩,2 ~ 10년  경력,서울시 성동구,https://programmers.co.kr/job_positions/821
서버 백엔드 개발자,앤솔러스,3 ~ 10년  경력,서울 강서구,https://programmers.co.kr/job_positions/2404
의료 인공지능 SW개발 리드,에이아이트릭스,6 ~ 12년  경력,서울 서초구,https://programmers.co.kr/job_positions/2399
백엔드 개발자,프레시코드,1 ~ 10년  경력,서울 성동구,https://programmers.co.kr/job_positions/1554
"플랫폼 APP개발자, 서버/웹개발자",꿈비,2 ~ 10년  경력,경기 수원시,https://programmers.co.kr/job_positions/2382
안드로이드 앱 개발자,웰스가이드,3 ~ 10년  경력,서울 관악구,https://programmers.co.kr/job_positions/2379
백엔드 개발자,솔트룩스,5 ~ 10년  경력,서울시 강남구,https://programmers.co.kr/job_positions/2375
JAVA&백엔드 개발자,필리스,3 ~ 30년  경력,대전 서구,https://programmers.co.kr/job_positions/2374
안드로이드&IOS 앱 개발자,필리스,3 ~ 20년  경력,대전 서구,https://programmers.co.kr/job_positions/2360
웹 / 앱 개발자,글로벌네트웍스,3 ~ 9년  경력,경기 성남시,https://programmers.co.kr/job_positions/2301
[AI검색플랫폼] 지식그래프 스키마 모델링 및 서비스 개발자,카카오엔터프라이즈,경력 무관,경기도 성남시,https://programmers.co.kr/job_positions/1688
[AI검색플랫폼] 서버개발자,카카오엔터프라이즈,경력 무관,경기도 성남시,https://programmers.co.kr/job_positions/1592
자바 백엔드 개발자,OGQ,2 ~ 7년  경력,서울시 강남구,https://programmers.co.kr/job_positions/1480
웹서비스 개발자,브이젠,2 ~ 10년  경력,대전 유성구,https://programmers.co.kr/job_positions/2292
백엔드 개발자(Backed Developer),CUPIST,2 ~ 15년  경력,서울특별시 강남구,https://programmers.co.kr/job_positions/2282
Android 개발자,iPortfolio,경력 무관,서울 중구,https://programmers.co.kr/job_positions/2040
JAVA 개발자,엠포플러스,3 ~ 5년  경력,서울 광진구,https://programmers.co.kr/job_positions/2265
공공 SI 개발자 PL,엑스코어시스템,4 ~ 10년  경력,세종특별자치시 가름로,https://programmers.co.kr/job_positions/2244
카카오/네이버 서비스 연동 서버/백엔드 개발자,비즈톡,5 ~ 10년  경력,서울 강남구,https://programmers.co.kr/job_positions/2252
백엔드 개발자,스탠드포인트,5 ~ 15년  경력,서울 금천구,https://programmers.co.kr/job_positions/2251
안드로이드 개발자,스포카,3 ~ 10년  경력,서울 강남구,https://programmers.co.kr/job_positions/2144
백엔드 개발자,힐링페이퍼,2 ~ 10년  경력,서울 강남구,https://programmers.co.kr/job_positions/1102
[기업용협업플랫폼] 서버 개발자,카카오엔터프라이즈,경력 무관,경기도 성남시,https://programmers.co.kr/job_positions/1722
"Backend Engineer (JAVA, Spring) ",Coupang,3 ~ 20년  경력,서울특별시 송파구,https://programmers.co.kr/job_positions/2170
[연구개발팀] VAP 서비스 Backend 개발자,와이즈케어,3 ~ 20년  경력,경기 성남시,https://programmers.co.kr/job_positions/1677
JAVA 백엔드 개발자 (서버),블루래빗팩토리,3 ~ 10년  경력,서울 강남구,https://programmers.co.kr/job_positions/1959
Back-End  API & Web 개발자 (Senior),플랫비,4 ~ 8년  경력,서울특별시 서초구,https://programmers.co.kr/job_positions/2000
서버(백엔드) 개발 l 모빌리티,다트쉐어링,3 ~ 10년  경력,서울 강남구,https://programmers.co.kr/job_positions/1981
React Native 모바일 개발자 (Android),허니비즈,3 ~ 15년  경력,서울 강남구,https://programmers.co.kr/job_positions/1612
서버개발자,의식주컴퍼니,3 ~ 5년  경력,서울 강서구,https://programmers.co.kr/job_positions/1146
Server Software Engineer,스퀘어랩,경력 무관,서울 중구,https://programmers.co.kr/job_positions/1684
[그룹영상통화 스무디] 안드로이드 개발자,스무디,2 ~ 10년  경력,서울 강남구,https://programmers.co.kr/job_positions/1913
서버(백엔드) 개발 [모빌리티],다트쉐어링,3 ~ 10년  경력,서울 강남구,https://programmers.co.kr/job_positions/1851
백엔드 개발자,리메이크디지털,2 ~ 10년  경력,서울 서초구,https://programmers.co.kr/job_positions/1295
Back-end 개발자,카닥,3 ~ 10년  경력,서울 송파구,https://programmers.co.kr/job_positions/1648
클라우드  서비스 플랫폼 구축 및 운영   ,솔트룩스,5 ~ 10년  경력,서울시 강남구,https://programmers.co.kr/job_positions/1838
데이터 분석 서비스 구축 및 운영 ,솔트룩스,5 ~ 10년  경력,서울시 강남구,https://programmers.co.kr/job_positions/1837
안드로이드 개발자,백패커,2 ~ 15년  경력,서울 마포구,https://programmers.co.kr/job_positions/1285
웹개발자,럽디,3 ~ 10년  경력,서울 동작구,https://programmers.co.kr/job_positions/1497
DApp 및 Web/Mobile 서비스 개발자,블록체인기술연구소,3 ~ 5년  경력,서울 강남구,https://programmers.co.kr/job_positions/1706
솔루션 / 서비스 개발자,휴머스온,1 ~ 100년  경력,서울시 강남구,https://programmers.co.kr/job_positions/579
전광판 프로그램 개발 및 유지보수,컴텔싸인,3 ~ 5년  경력,경기 용인시,https://programmers.co.kr/job_positions/1700
과장급 개발자,솔트룩스,7 ~ 14년  경력,서울시 강남구,https://programmers.co.kr/job_positions/1697
차장급 개발자,솔트룩스,8 ~ 20년  경력,서울시 강남구,https://programmers.co.kr/job_positions/1696
웹 개발자,유핀테크허브,3 ~ 15년  경력,서울 강남구,https://programmers.co.kr/job_positions/1665
"서버,백엔드 / 웹 풀스택 / 앱개발 [총괄]",푸시뉴스,경력 무관,서울 영등포구,https://programmers.co.kr/job_positions/1605
온/오프라인 거래 중계플랫폼 웹/서버 개발,아이비베리,0 ~ 20년  경력,서울 마포구,https://programmers.co.kr/job_positions/1562
백엔드 서버 개발자 (산업기능요원 전직/보충역 포함),채널코퍼레이션,경력 무관,서울 강남구,https://programmers.co.kr/job_positions/927
웹프로그래머[php/java] 개발자,미래프라임,3 ~ 10년  경력,서울시 강남구,https://programmers.co.kr/job_positions/1485
웹 개발자,아이하트,5 ~ 12년  경력,서울 금천구,https://programmers.co.kr/job_positions/1489
프론트앤드 개발자,애니포인트미디어,1 ~ 10년  경력,서울특별시 금천구,https://programmers.co.kr/job_positions/412
안드로이드 앱 개발자,Xinics,1 ~ 15년  경력,서울 구로구,https://programmers.co.kr/job_positions/1216
서버 개발자,홈스토리 생활,3 ~ 10년  경력,서울 강남구,https://programmers.co.kr/job_positions/1238
백엔드 개발자(판교 연구소),애니포인트미디어,3 ~ 10년  경력,서울특별시 금천구,https://programmers.co.kr/job_positions/1169
Open API Back End 개발자 채용,코인원,4 ~ 20년  경력,서울특별시 영등포구,https://programmers.co.kr/job_positions/1163
항공 시스템 Backend 개발자,에어프레미아,5 ~ 20년  경력,서울 강남구,https://programmers.co.kr/job_positions/951
서버 개발자,도너츠,2 ~ 5년  경력,서울시 강남구,https://programmers.co.kr/job_positions/932
안드로이드 개발,QARA,3 ~ 5년  경력,서울 영등포구,https://programmers.co.kr/job_positions/666
